<annotation>
	<folder>images</folder>
	<filename>videoplayback0814.jpg</filename>
	<path>/Users/azamora2/Desktop/data/MIDS_HW8/images/videoplayback0814.jpg</path>
	<source>
		<database>Unknown</database>
	</source>
	<size>
		<width>1000</width>
		<height>563</height>
		<depth>3</depth>
	</size>
	<segmented>0</segmented>
	<object>
		<name>Tie Fighter</name>
		<pose>Unspecified</pose>
		<truncated>0</truncated>
		<difficult>0</difficult>
		<bndbox>
			<xmin>227</xmin>
			<ymin>171</ymin>
			<xmax>247</xmax>
			<ymax>195</ymax>
		</bndbox>
	</object>
	<object>
		<name>Millennium Falcon</name>
		<pose>Unspecified</pose>
		<truncated>0</truncated>
		<difficult>0</difficult>
		<bndbox>
			<xmin>278</xmin>
			<ymin>212</ymin>
			<xmax>735</xmax>
			<ymax>348</ymax>
		</bndbox>
	</object>
</annotation>
