<annotation>
	<folder>images</folder>
	<filename>videoplayback4598.jpg</filename>
	<path>/Users/azamora2/Desktop/data/MIDS_HW8/images/videoplayback4598.jpg</path>
	<source>
		<database>Unknown</database>
	</source>
	<size>
		<width>1000</width>
		<height>563</height>
		<depth>3</depth>
	</size>
	<segmented>0</segmented>
	<object>
		<name>Tie Fighter</name>
		<pose>Unspecified</pose>
		<truncated>0</truncated>
		<difficult>0</difficult>
		<bndbox>
			<xmin>252</xmin>
			<ymin>76</ymin>
			<xmax>575</xmax>
			<ymax>343</ymax>
		</bndbox>
	</object>
	<object>
		<name>Millennium Falcon</name>
		<pose>Unspecified</pose>
		<truncated>0</truncated>
		<difficult>0</difficult>
		<bndbox>
			<xmin>461</xmin>
			<ymin>95</ymin>
			<xmax>668</xmax>
			<ymax>310</ymax>
		</bndbox>
	</object>
</annotation>
