<annotation>
	<folder>images</folder>
	<filename>videoplayback4037.jpg</filename>
	<path>/Users/azamora2/Desktop/data/MIDS_HW8/images/videoplayback4037.jpg</path>
	<source>
		<database>Unknown</database>
	</source>
	<size>
		<width>1000</width>
		<height>563</height>
		<depth>3</depth>
	</size>
	<segmented>0</segmented>
	<object>
		<name>Tie Fighter</name>
		<pose>Unspecified</pose>
		<truncated>0</truncated>
		<difficult>0</difficult>
		<bndbox>
			<xmin>735</xmin>
			<ymin>176</ymin>
			<xmax>899</xmax>
			<ymax>358</ymax>
		</bndbox>
	</object>
	<object>
		<name>Tie Fighter</name>
		<pose>Unspecified</pose>
		<truncated>1</truncated>
		<difficult>0</difficult>
		<bndbox>
			<xmin>886</xmin>
			<ymin>222</ymin>
			<xmax>1000</xmax>
			<ymax>420</ymax>
		</bndbox>
	</object>
</annotation>
