<annotation>
	<folder>images</folder>
	<filename>videoplayback4455.jpg</filename>
	<path>/Users/azamora2/Desktop/data/MIDS_HW8/images/videoplayback4455.jpg</path>
	<source>
		<database>Unknown</database>
	</source>
	<size>
		<width>1000</width>
		<height>563</height>
		<depth>3</depth>
	</size>
	<segmented>0</segmented>
	<object>
		<name>Millennium Falcon</name>
		<pose>Unspecified</pose>
		<truncated>0</truncated>
		<difficult>0</difficult>
		<bndbox>
			<xmin>409</xmin>
			<ymin>246</ymin>
			<xmax>493</xmax>
			<ymax>363</ymax>
		</bndbox>
	</object>
	<object>
		<name>Tie Fighter</name>
		<pose>Unspecified</pose>
		<truncated>0</truncated>
		<difficult>0</difficult>
		<bndbox>
			<xmin>818</xmin>
			<ymin>276</ymin>
			<xmax>865</xmax>
			<ymax>325</ymax>
		</bndbox>
	</object>
</annotation>
