<annotation>
	<folder>images</folder>
	<filename>videoplayback4208.jpg</filename>
	<path>/Users/azamora2/Desktop/data/MIDS_HW8/images/videoplayback4208.jpg</path>
	<source>
		<database>Unknown</database>
	</source>
	<size>
		<width>1000</width>
		<height>563</height>
		<depth>3</depth>
	</size>
	<segmented>0</segmented>
	<object>
		<name>Millennium Falcon</name>
		<pose>Unspecified</pose>
		<truncated>0</truncated>
		<difficult>0</difficult>
		<bndbox>
			<xmin>452</xmin>
			<ymin>194</ymin>
			<xmax>560</xmax>
			<ymax>255</ymax>
		</bndbox>
	</object>
	<object>
		<name>Tie Fighter</name>
		<pose>Unspecified</pose>
		<truncated>0</truncated>
		<difficult>0</difficult>
		<bndbox>
			<xmin>660</xmin>
			<ymin>202</ymin>
			<xmax>711</xmax>
			<ymax>277</ymax>
		</bndbox>
	</object>
	<object>
		<name>Tie Fighter</name>
		<pose>Unspecified</pose>
		<truncated>0</truncated>
		<difficult>0</difficult>
		<bndbox>
			<xmin>512</xmin>
			<ymin>330</ymin>
			<xmax>650</xmax>
			<ymax>474</ymax>
		</bndbox>
	</object>
</annotation>
